{
	"Common" : {
		"resourcepath" : "C:\\Users\\TOBE_WOOJIN\\Documents\\TOBESOFT\\Nexacro N\\deploy\\devPack\\_windows_",
		"bootstrapjson" : "/start.json",
		"programname" : "devPack",
		"applicationkey" : "devPack",
		"installlocation" : "TOBESOFT\\Nexacro N\\21\\devPack\\",
		"externalsetupresource" : "true",
		"installmode" : "Default",
		"autoupdate" : "Auto",
		"shortcutinstalltype" : "userselect",
		"updatebrowser" : "true",
		"onlyone" : "false"
	},
	"Windows_x86" : {
		"setupversion" : "21.0.0.1500",
		"enginesetupkey" : "3D10EE09-348B-4B0B-AD04-69A3CE921D1C",
		"originalfile" : "C:\\Program Files (x86)\\TOBESOFT\\Nexacro N\\SDK\\21.0.0\\SetupRuntime\\NexacroN_SetupRuntime_x86.exe"
	},
	"Windows_x64" : {
		"setupversion" : "21.0.0.1500",
		"enginesetupkey" : "3E221E7D-2ECF-4EF4-AD16-C69972112C86",
		"originalfile" : "C:\\Program Files (x86)\\TOBESOFT\\Nexacro N\\SDK\\21.0.0\\SetupRuntime\\NexacroN_SetupRuntime_x64.exe"
	}
}